{"lr": 2.0000000000000003e-06, "lr/generator": 2.0000000000000003e-06, "samples/sec/gpu": 56.4201628780403, "time/data_time": 0.02400040626525879, "time/batch_time": 1.1343462467193604, "train/total_loss": 6.291414260864258, "train/reconstruction_loss": 6.291299819946289, "train/quantizer_loss": 0.00011458387598395348, "train/commitment_loss": 2.2916774469194934e-05, "train/codebook_loss": 9.166709787677974e-05, "_timestamp": 1725196371.362653, "_runtime": 296.5093369483948, "_step": 200, "_wandb": {"runtime": 350}}