{"_wandb": {"runtime": 40}, "lr": 5.000000000000001e-07, "lr/generator": 5.000000000000001e-07, "samples/sec/gpu": 66.52751332481114, "time/data_time": 0.08899617195129395, "time/batch_time": 0.481003999710083, "train/total_loss": 6.883166313171387, "train/reconstruction_loss": 6.870993137359619, "train/quantizer_loss": 0.01217307336628437, "train/commitment_loss": 0.0024346145801246166, "train/codebook_loss": 0.009738458320498466, "_timestamp": 1725190514.967811, "_runtime": 36.24363899230957, "_step": 50}